Item,amount,cost,link
XIAO ESP32 C3,1,$7.74,https://robu.in/product/seeed-studio-xiao-esp32c3-tiny-mcu-board-with-wi-fi-and-ble-battery-charge-supported-power-efficiency-and-rich-interface/
0.96 oled,1,$1.85,https://robu.in/product/4pin-oled-display-module-blue-color/
MPU6050,1,$4.74,https://robu.in/product/mpu6050hmc5883lbmp180-10dof-3-axis-gyro-3-axis-acceleration-3-axis-magnetic-field-air-pres/
DHT11,1,$0.61,https://robu.in/product/dht11-digital-relative-humidity-temperature-sensor-module/
MX Switches,2,$3.67,https://meckeys.com/shop/accessories/keyboard-accessories/key-switches/cherry-mx-rgb-switch/?attribute_pa_cherry-mx=black-rgb
Keycaps,2,$1.44,https://meckeys.com/shop/accessories/keyboard-accessories/keycaps/blank/blank-xda-keycaps-1u/
10k Resistor,1,$0.18,https://robu.in/product/10-ohm-5-watt-wire-wound-resistor/
PCB,1,$9.30, https://robu.in/product/online-pcb-manufacturing-service/
,,,
Total,1,$29.47